Questions,Answers
"A39-year-oldwomancomesot theclinicwithred-yelowpapulesonherleitarm.thepatienthashypertension,whichsiwell controlled, and hypertriglyceridemia, with several previous acute episodes of pancreatitis. Laboratory tests reveal a triglyceride level of 1500 mg/dL. The patient is prescribed a medication to lower her triglyceride level.
Which of the following adverse effects is most likely with the new medication most likely prescribed?
Cardiac arrhythmia
Cholesterol gallstones
Decreased absorption of fat-soluble vitamins Edema of ankles and legs
Hypothyroidism",
"
Coadministration of which of the following medications would most likely have prevented these symptoms?
Antihistamine
Aspirin Intravenous fluids
Oral prednisone 
Topical steroid cream",
"A63-year-old woman comes ot hte office because of chest painno exertion. She has ahistory foytpe 2diabetes melitus dna smokes wto packs of cigaretes dayli. Pusel si 70/min and blood pressure is 155/105 mm Hg. Serum studies show an LDL cholesterol level of 180 mg/dL. She is prescribed a medication that inhibits the hepatic production
of circulating molecules implicated ni hte pathogenesis of coronary artery disease.
The concomitant use of gemfibrozil with this medication would most likely increase the incidence of which of the following adverse reactions?
Depression 
Glomerulonephritis 
Hemoglobinuria 
Metabolic alkalosis 
Myoglobinuria 
Pancreatitis",
"A64-year-old man comes ot hte emergency department because of generalized fatigue, nausea, vomiting, and muscle aches. He has ahistory of hypertension and was recently diagnosed with hyperlipidemia for which he takes verapamil, metoprolol, and
simvastatin. He denies the use of any over-the-counter medications. Curent blood pressure si 145/95 m Hg.
Blood urea nitrogen: 32 mg/dL
Creatinine: 3.0 mg/dL
Urine sodium: 45 mEq/L
Urine dipstick positive for heme
Urinalysis shows numerous brown granular casts, but no cells.
Medcial history shows hte patient's blood urea nitrogen and creatinine levels were normal 1month ago. Curent laboratory studies show:
Which of the following si the most likely cause of this patient's worsening kidney function? 
Adverse effect of aspirin
Adverse effect of metoprolol 
Adverse effect of simvastatin 
Adverse effect of verapamil 
Cholesterol emboli syndrome 
Hypertension",
"A78-year-old man comesot hte office with recent-onset nausea, vomiting, and changes ni his vision. eH describes hte visual changes as yelow halos around lights. Two weeks prior, he was seen because of leg swelling and trouble breathing when lying flat and was prescribed a new medication at that time. Drug toxicity related to the new medication is suspected.
Whcih of the folowing intracelular oin concentrations si increased as adirect result of drug that was most likely prescribed 2 weeks ago?
Bicarbonate
Chloride
Hydrogen
Magnesium 
Sodium",